{"cameraMode":{"drawMode":0,"name":"Shaded","section":"Shading Mode"},"sceneLighting":true,"audioPlay":false,"sceneViewState":{"showFog":true,"showMaterialUpdate":false,"showSkybox":false,"showFlares":true,"showImageEffects":true,"showParticleSystems":true},"in2DMode":false,"pivot":{"x":-1.019040584564209,"y":0.9817270040512085,"z":10.485105514526368},"rotation":{"x":5.697736327192615e-8,"y":-0.02249840833246708,"z":-7.974031746016408e-7,"w":0.9997581243515015},"size":14.668840408325196,"orthographic":false}