{"cameraMode":{"drawMode":0,"name":"Shaded","section":"Shading Mode"},"sceneLighting":true,"audioPlay":false,"sceneViewState":{"showFog":true,"showMaterialUpdate":false,"showSkybox":false,"showFlares":true,"showImageEffects":true,"showParticleSystems":true},"in2DMode":false,"pivot":{"x":0.0011790990829467774,"y":1.5041911602020264,"z":-3.1273574829101564},"rotation":{"x":0.085374616086483,"y":-0.02241644635796547,"z":0.0019211064791306854,"w":0.996099054813385},"size":5.499910831451416,"orthographic":false}