{"cameraMode":{"drawMode":0,"name":"Shaded","section":"Shading Mode"},"sceneLighting":true,"audioPlay":false,"sceneViewState":{"showFog":true,"showMaterialUpdate":false,"showSkybox":false,"showFlares":true,"showImageEffects":true,"showParticleSystems":true},"in2DMode":false,"pivot":{"x":-0.4665713906288147,"y":0.9667807221412659,"z":-6.621530532836914},"rotation":{"x":0.02244732715189457,"y":0.06743180751800537,"z":-0.0015165625372901559,"w":0.9974768161773682},"size":4.926000118255615,"orthographic":false}